<?xml version="1.0" encoding="UTF-8"?>
<config xmlns="http://www.knime.org/2008/09/XMLConfig" xmlns:xsi="http://www.w3.org/2001/XMLSchema-instance" xsi:schemaLocation="http://www.knime.org/2008/09/XMLConfig http://www.knime.org/XMLConfig_2008_09.xsd" key="MiningSchema">
    <config key="learning">
        <entry key="array-size" type="xint" value="15"/>
        <entry key="0" type="xstring" value="Fever"/>
        <entry key="1" type="xstring" value="Tiredness"/>
        <entry key="2" type="xstring" value="Dry-Cough"/>
        <entry key="3" type="xstring" value="Difficulty-in-Breathing"/>
        <entry key="4" type="xstring" value="Sore-Throat"/>
        <entry key="5" type="xstring" value="None_Sympton"/>
        <entry key="6" type="xstring" value="Pains"/>
        <entry key="7" type="xstring" value="Nasal-Congestion"/>
        <entry key="8" type="xstring" value="Runny-Nose"/>
        <entry key="9" type="xstring" value="Diarrhea"/>
        <entry key="10" type="xstring" value="None_Experiencing"/>
        <entry key="11" type="xstring" value="Country"/>
        <entry key="12" type="xstring" value="Condensed Age"/>
        <entry key="13" type="xstring" value="Condensed Gender"/>
        <entry key="14" type="xstring" value="Condensed Contact"/>
    </config>
    <config key="target">
        <entry key="array-size" type="xint" value="1"/>
        <entry key="0" type="xstring" value="Condensed Severity"/>
    </config>
</config>
